{"Rondom 125, Dinteloord, Netherlands":[51.6150312,4.423874],"Het Sas 14, Alphen, Netherlands":[51.4691295,4.9850083],"Menhirweg 15, Oss, Netherlands":[51.7416114,5.5628493],"Vaartweg 1, Oosterhout, Netherlands":[51.656918,4.853461],"Statendamweg 75, Oosterhout, Netherlands":[51.6604246,4.8538956],"Heuvel 20, Oss, Netherlands":[51.7696584,5.5247712],"Rederijweg 18, Oosterhout, Netherlands":[51.6639961,4.8402624],"Innovatiepark 15, Oosterhout, Netherlands":[51.6747082,4.8332572],"Landweerstraat-Zuid 150, Oss, Netherlands":[51.7602163,5.550491],"Bedrijvenweg 4, Nistelrode, Netherlands":[51.7122051,5.562691],"Fuutweg 3, Klundert, Netherlands":[51.6743112,4.5523574],"Hekven 6/C - D, Breda, Netherlands":[51.6051189,4.7591313],"Rithmeesterpark 14, Breda, Netherlands":[51.5672093,4.7354354],"Het Wargaren 33, Lith, Netherlands":[51.8094829,5.420749],"De Lithse Ham 3, Lith, Netherlands":[51.812951549999994,5.416428811415697],"Het Wargaren 7, Lith, Netherlands":[51.8125249,5.4204053],"Laar 66, Nistelrode, Netherlands":[51.6998664,5.5647563],"Molenweg 2, Berghem, Netherlands":[51.7700654,5.5681409],"Drebbelstraat 7, Bergen op Zoom, Netherlands":[51.5002139,4.3039551],"Parallelweg 6-15, Etten-Leur, Netherlands":[51.566360753481106,4.618876633364148],"Wipakker 8, Etten-Leur, Netherlands":[51.5735264,4.6355621],"Lissenveld 18, Raamsdonksveer, Netherlands":[51.7076532,4.885415],"Markiezenbaan 3, Rijen, Netherlands":[51.5794603,4.9428736],"Mark S. Clarkelaan 17, Zevenbergen, Netherlands":[51.6605426,4.5712362],"Huize Limburgstraat 21, Oosterhout, Netherlands":[51.6397909,4.8563885],"1 Februariweg 13, Heijningen, Netherlands":[51.6586889,4.3782078],"Sterrebos, Oss, Netherlands":[51.752400629775096,5.513748358030928],"Singel 1940/1945 280, Oss, Netherlands":[51.7737803,5.5473434],"Emmerblok 1, Oud Gastel, Netherlands":[51.5659151,4.470552],"Leursebaan 260, Breda, Netherlands":[51.588651,4.7282116],"Grevelingenmeer 9, Oss, Netherlands":[51.7791622,5.5576465],"Emmerblok 1a, Oud Gastel, Netherlands":[51.56627895,4.47126555],"Klerkenveld 20, Roosendaal, Netherlands":[51.5619314,4.4708552],"Liesbosweg 223, Etten-Leur, Netherlands":[51.5862151,4.6839193],"1 Februariweg 10, Heijningen, Netherlands":[51.6586917,4.3789796],"Sterrebos 44, Oss, Netherlands":[51.7530582,5.5130207],"Hazeldonk 6809, Breda, Netherlands":[51.5026281,4.7498101],"Amsteleindstraat 15, Oss, Netherlands":[51.7619373,5.4997257],"Randmeer 32, Oss, Netherlands":[51.7806838,5.5606083],"Rusheuvelstraat 59, Oss, Netherlands":[51.7791379,5.5232395],"Galliersweg 7, Oss, Netherlands":[51.7650531,5.5552922],"C.A. Bodestraat 2, Baarle-Nassau, Netherlands":[51.447556,4.919123122043283],"Lievekamplaan 4-6, Oss, Netherlands":[51.7655988,5.52090445],"Terwaenen 28, Oss, Netherlands":[51.7706503,5.5249066],"Bedrijvenweg 7, Nistelrode, Netherlands":[51.7129622,5.5632959],"Bloemendaalse Zeedijk 8/D, Zevenbergschen Hoek, Netherlands":[51.6752935,4.6859187],"Kralen 26 A, Oud Gastel, Netherlands":[51.5853476,4.4893701],"Gasstraat Oost 13, Oss, Netherlands":[51.7619822,5.5505478],"Euterpelaan 100, Oss, Netherlands":[51.7586041,5.5181252],"Maasdijk 33, Ravenstein, Netherlands":[51.7958063,5.6571244],"Gasstraat Oost 30/E, Oss, Netherlands":[51.7631279,5.5486197],"Orlando di Lassostraat 12, Oss, Netherlands":[51.758784,5.5131272],"Varenstraat 20, Raamsdonksveer, Netherlands":[51.6911118,4.8683879],"Schotsbossenstraat 13, Roosendaal, Netherlands":[51.5440394,4.4885587],"Neutronweg 2, Roosendaal, Netherlands":[51.5386053,4.4963827],"Beeklaan 4, Halsteren, Netherlands":[51.5310047,4.2722705],"Bergsebaan 32, Bergen op Zoom, Netherlands":[51.5091317,4.330542],"Walstraat 48, Oss, Netherlands":[51.7968286,5.6542419],"De Beeklaan 2, Halsteren, Netherlands":[51.5303787,4.2709862],"Euterpehof 20, Oss, Netherlands":[51.76061445,5.517581009636173],"Peter Vineloolaan 50, Bergen op Zoom, Netherlands":[51.4900271,4.2934374],"Van der Maelstedeweg 102-B, Hulst, Netherlands":[51.2771942,4.0600116],"Verdistraat 75, Oss, Netherlands":[51.7536506,5.519607253255014],"Kandtweg 2, Goes, Netherlands":[51.4810552,3.8995326],"Ettenseweg 74, Roosendaal, Netherlands":[51.5420824,4.5027131],"Westelijke Schelderijnweg 1-A, Rilland, Netherlands":[51.4303167,4.2323989],"Van Konijnenburgweg 27, Bergen op Zoom, Netherlands":[51.493282,4.2772542],"Protonweg 2, Roosendaal, Netherlands":[51.5382626,4.4891769],"Oude Litherweg 20, Oss, Netherlands":[51.7736338,5.5136361],"Moerstraatseweg 14/A, Heerle, Netherlands":[51.5265717,4.3661686],"De Wan 1a, Nistelrode, Netherlands":[51.7028135,5.5611476],"Oostplein 15 A, Roosendaal, Netherlands":[51.5370127,4.4875809],"Rijksweg Noord 8, Zegge, Netherlands":[51.5475612,4.5208765],"Innovatieweg 12, Hoek, Netherlands":[51.339137,3.8008804],"Raadhuislaan 14, Oss, Netherlands":[51.7636042,5.5215035],"Heuvel 32, Oss, Netherlands":[51.769789,5.525513],"Haagweg 241-243, Breda, Netherlands":[51.57803711803746,4.7413938793778385],"Logistic Boulevard 9, Klundert, Netherlands":[51.6555066,4.5614485],"Bredeweg 13, Geffen, Netherlands":[51.7454248,5.4698963],"Tussenriemer 3, Roosendaal, Netherlands":[51.5533647,4.4612472],"Kantsingel 15, Oss, Netherlands":[51.7596908,5.5451326],"Hoogheuvelstraat 114, Oss, Netherlands":[51.7567917,5.5504811],"Souvereinstraat 1, Oosterhout, Netherlands":[51.6225196,4.8772448],"Industrielaan 15, Oss, Netherlands":[51.7580333,5.5379192],"Industrielaan 63, Oss, Netherlands":[51.7604717,5.5414591],"Koopvaardijweg 15, Oosterhout, Netherlands":[51.6664958,4.844094],"Wilhelminakanaal Noord 3, Oosterhout, Netherlands":[51.6303652,4.8730967],"Buurstede 134, Oosterhout, Netherlands":[51.6267567,4.8523026],"Helstraat 3, Achtmaal, Netherlands":[51.4442506,4.5480398],"Innovatiepark 12, Oosterhout, Netherlands":[51.6749983,4.8277703],"Oranjeboomstraat 6, Breda, Netherlands":[51.5829561,4.762088],"Bosschebaan 66, Heesch, Netherlands":[51.7324702,5.5043148],"Donkerstraat 34, Teteringen, Netherlands":[51.6075694,4.8282173],"Statendamweg 100, Oosterhout, Netherlands":[51.6825626,4.843875],"Kruisvoort 56, Breda, Netherlands":[51.5811454,4.7324228],"Boekerman 5A + 5B, Oud Gastel, Netherlands":[51.56644450941031,4.476070172291639],"Klompenhoefke 1, Oud Gastel, Netherlands":[51.5668105,4.480976],"Den Brak 2, Oud Gastel, Netherlands":[51.5689795,4.4783383],"Bosschebaan 70, Heesch, Netherlands":[51.7324456,5.5027482],"’t Dorp 109/109, Heesch, Netherlands":[51.73604405,5.5332652499999995],"Vijf Eiken 5, Rijen, Netherlands":[51.5896767,4.8933635],"Cereslaan 6, Heesch, Netherlands":[51.7335292,5.5102207],"Sterrebos 4, Oss, Netherlands":[51.7540679,5.5116829],"Obrechtstraat 1, Oss, Netherlands":[51.7586214,5.516139],"Palestrinastraat 24, Oss, Netherlands":[51.7582454,5.5157677],"Molenstraat 50, Oss, Netherlands":[51.7659731,5.5267369],"Singel 1940-1945 300, Oss, Netherlands":[51.7742566,5.5499527],"Treeport 3, Rijsbergen, Netherlands":[51.4811141,4.7238689],"Moerstraatsebaan 121, Bergen op Zoom, Netherlands":[51.5293856,4.3240715],"Tramplein 3, Nistelrode, Netherlands":[51.701045,5.5632601],"De Ruivert 3, Oss, Netherlands":[51.7531377,5.5289923],"Mondriaanlaan 1, Oss, Netherlands":[51.75431365,5.529827288423501],"Staringstraat 4, Oss, Netherlands":[51.7497095,5.5147706],"Keltenweg 40, Oss, Netherlands":[51.7378697,5.5616536],"Euterpelaan 1, Oss, Netherlands":[51.7610174,5.5196535],"Roselaar 23, Roosendaal, Netherlands":[51.5303986,4.4548153],"Kraanven 12/A, Loon op Zand, Netherlands":[51.6298328,5.0503212],"Zalmweg 24, Raamsdonksveer, Netherlands":[51.7098663,4.8693303],"Nijverheidsweg 45, Etten-Leur, Netherlands":[51.562595,4.6052272],"Bliek 10, Raamsdonksveer, Netherlands":[51.7092429,4.8747486],"Logieweg 3, Etten-Leur, Netherlands":[51.5623497,4.6078215],"Kees van Dongenplein 2-4-6-8, Roosendaal, Netherlands":[51.53633485,4.4450308],"Terheijdenseweg 169, Breda, Netherlands":[51.6043621,4.7764821],"Roselaar 61, Roosendaal, Netherlands":[51.5298258,4.4547547],"Zwaanhoefstraat 4A, Roosendaal, Netherlands":[51.5436364,4.4845351],